permalink,title,meta-description,meta-keywords,h1,h2,nagivation,template
index,Learn how to use Entity Framework Dynamic Filters with Tutorials & Examples.,Learn how to use Entity Framework Dynamic Filters with Tutorials & Examples.,,,,,full
/404.html,Page Moved,Page Moved,,Page Moved,,,container-h1
download,Download,Download,,Download,,no,full-h1
contact-us,Contact Us,Contact Us,,Contact Us,,no,full-h1
tutorials,Tutorials,Tutorials,,Tutorials,,,container-h1
overview,Overview,Overview,,Overview,,,
installing,Installing,Installing,,Installing,,,
basic-usage,Basic Usage,Basic Usage,,Basic Usage,,,
command-line,Command Line,Command Line,,Command Line,,,
flags,Flags,Flags,,Flags,,,
regular-expressions,Regular Expressions,Regular Expressions,,Regular Expressions,,,
detect-encoding,Detect Encoding,Detect Encoding,,Detect Encoding,,,
error-levels,Error Levels,Error Levels,,Error Levels,,,
special-characters,Special Characters,Special Characters,,Special Characters,,,
faq,FAQ,FAQ,,FAQ,,,
problems,Problems,Problems,,Problems,,,